,Rank,Site Name,Nomination Year,Country,Rating,State,Latitude,Longitude,,
0,1,Galapagos Islands,1978,Ecuador,4.8,,,,,
1,2,Quito,1978,Ecuador,3.4,,,,,
2,3,Aachen Cathedral,1978,Germany,3.71,,,,,
3,4,L'Anse aux Meadows,1978,Canada,3.39,,,,,
4,8,Ichkeul National Park,1980,Tunisia,2.3,,,,,
5,9,Simien National Park,1978,Ethiopia,3.75,,,,,
6,10,Lower Valley of the Awash,1980,Ethiopia,3.14,,,,,
7,12,Tiya,1980,Ethiopia,2.28,,,,,
8,13,Melka Kunture and Balchit,2024,Ethiopia,1.61,,,,,
9,15,Aksum,1980,Ethiopia,3.42,,,,,
10,17,Lower Valley of the Omo,1980,Ethiopia,3.57,,,,,
11,18,Lalibela,1978,Ethiopia,4.41,,,,,
12,19,Fasil Ghebbi,1979,Ethiopia,3.31,,,,,
13,20,Damascus,1979,Syria,4.15,,,,,
14,21,Aleppo,1986,Syria,3.82,,,,,
15,22,Bosra,1980,Syria,3.31,,,,,
16,23,Palmyra,1980,Syria,4.27,,,,,
17,24,Nahanni National Park,1978,Canada,4.37,,,,,
18,25,Djoudj,1981,Senegal,3.08,,,,,
19,26,Island of Gorée,1978,Senegal,3.07,,,,,
20,27,Mesa Verde,1978,United States of America,4.12,,,,,
21,28,Yellowstone,1978,United States of America,4.81,,,,,
22,29,Kraków,1978,Poland,4.09,,,,,
23,30,Warsaw,1980,Poland,3.27,,,,,
24,31,Auschwitz Birkenau,1979,Poland,4.1,,,,,
25,32,Wieliczka and Bochnia Royal Salt Mines,1978,Poland,3.71,,,,,
26,33,Białowieża Forest,1979,Poland,2.87,,,,,
27,34,Forts and Castles Gold Coast,1979,Ghana,3.13,,,,,
28,35,Asante Traditional Buildings,1980,Ghana,2.04,,,,,
29,36,Medina of Tunis,1979,Tunisia,3.13,,,,,
30,37,Carthage,1979,Tunisia,3.26,,,,,
31,38,Amphitheater of El Jem,1979,Tunisia,3.59,,,,,
32,39,Ngorongoro,1979,Tanzania,4.5,,,,,
33,42,Boyana Church,1979,Bulgaria,2.97,,,,,
34,43,Madara Rider,1979,Bulgaria,2.19,,,,,
35,44,Thracian tomb of Kazanlak,1979,Bulgaria,2.4,,,,,
36,45,Rock-hewn Churches of Ivanovo,1979,Bulgaria,2.9,,,,,
37,55,Røros,1980,Norway,3.14,,,,,
38,58,Urnes Stave Church,1979,Norway,3.59,,,,,
39,59,Bryggen,1979,Norway,3.29,,,,,
40,63,Virunga National Park,1979,Congo (Democratic Republic),4.54,,,,,
41,64,Tikal National Park,1979,Guatemala,4.61,,,,,
42,65,Antigua Guatemala,1979,Guatemala,3.82,,,,,
43,71,Dinosaur Provincial Park,1979,Canada,3.63,,,,,
44,72,Glacier parks,1979,Canada,4.23,,,,,
45,75,Grand Canyon,1979,United States of America,4.5,,,,,
46,76,Everglades,1979,United States of America,3.68,,,,,
47,78,Independence Hall,1979,United States of America,2.96,,,,,
48,79,Paphos,1980,Cyprus,3.42,,,,,
49,80,Mont-Saint-Michel,1979,France,4.23,,,,,
50,81,Chartres Cathedral,1979,France,3.5,,,,,
51,83,Versailles,1979,France,4.04,,,,,
52,84,Vézelay,1979,France,3.18,,,,,
53,85,Vézère Valley,1979,France,3.64,,,,,
54,86,Pyramids (Memphis),1979,Egypt,4.58,,,,,
55,87,Ancient Thebes,1979,Egypt,4.58,,,,,
56,88,Nubian Monuments,1979,Egypt,4.37,,,,,
57,89,Historic Cairo,1979,Egypt,3.7,,,,,
58,90,Abu Mena,1979,Egypt,1.71,,,,,
59,91,Rome,1980,Holy See,4.68,,,,,
60,93,Santa Maria delle Grazie,1980,Italy,3.39,,,,,
61,94,Rock Drawings in Valcamonica,1979,Italy,3.21,,,,,
62,95,Dubrovnik,1979,Croatia,4.15,,,,,
63,96,Stari Ras and Sopocani,1979,Serbia,2.92,,,,,
64,97,Split,1979,Croatia,3.55,,,,,
65,98,Plitvice Lakes,1979,Croatia,4.18,,,,,
66,99,Ohrid Region,1979,North Macedonia,3.52,,,,,
67,100,Durmitor National Park,1980,Montenegro,3.53,,,,,
68,102,Al Qal'a of Beni Hammad,1980,Algeria,2.54,,,,,
69,111,Bale Mountains National Park,2023,Ethiopia,3.95,,,,,
70,113,Tchogha Zanbil,1979,Iran,3.72,,,,,
71,114,Persepolis,1979,Iran,4.56,,,,,
72,115,"Meidan Emam, Esfahan",1979,Iran,4.12,,,,,
73,116,Djenné,1988,Mali,3.99,,,,,
74,119,Timbuktu,1988,Mali,3.78,,,,,
75,120,Sagarmatha National Park,1979,Nepal,4.08,,,,,
76,121,Kathmandu Valley,1979,Nepal,3.94,,,,,
77,124,Ouro Preto,1980,Brazil,3.69,,,,,
78,125,Kotor,1979,Montenegro,3.86,,,,,
79,129,Copán,1980,Honduras,4.04,,,,,
80,130,Hal Saflieni Hypogeum,1980,Malta,3.91,,,,,
81,131,Valletta,1980,Malta,3.79,,,,,
82,132,Megalithic Temples of Malta,1980,Malta,3.62,,,,,
83,134,Redwood,1980,United States of America,4.17,,,,,
84,135,Portobelo-San Lorenzo,1980,Panama,2.76,,,,,
85,136,Garamba National Park,1980,Congo (Democratic Republic),0,,,,,
86,137,Kahuzi-Biega National Park,1980,Congo (Democratic Republic),4.07,,,,,
87,138,Moenjodaro,1980,Pakistan,3.92,,,,,
88,139,Taxila,1980,Pakistan,3.41,,,,,
89,140,Takht-i-Bahi,1980,Pakistan,3.34,,,,,
90,143,"Makli, Thatta",1981,Pakistan,3.41,,,,,
91,144,Ruins of Kilwa Kisiwani and Songo Mnara,1981,Tanzania,3.57,,,,,
92,145,Los Glaciares,1981,Argentina,4.58,,,,,
93,147,Kakadu National Park,1981,Australia,4.15,,,,,
94,148,Old City of Jerusalem,1981,Israel,4.45,,,,,
95,149,Quirigua,1981,Guatemala,3.37,,,,,
96,150,Mammoth Cave,1981,United States of America,3.38,,,,,
97,151,Olympic National Park,1981,United States of America,3.99,,,,,
98,153,Niokolo-Koba National Park,1981,Senegal,2.35,,,,,
99,154,Great Barrier Reef,1981,Australia,4.43,,,,,
100,155,Mount Nimba,1981,Côte d'Ivoire,3.5,,,,,
101,156,Serengeti,1981,Tanzania,4.56,,,,,
102,157,SGang Gwaay,1981,Canada,3.06,,,,,
103,158,Head-Smashed-In Buffalo Jump,1981,Canada,3.19,,,,,
104,159,Darien National Park,1981,Panama,3.74,,,,,
105,160,Fontainebleau,1981,France,3.61,,,,,
106,162,Amiens Cathedral,1981,France,3.6,,,,,
107,163,Orange,1981,France,2.86,,,,,
108,164,Arles,1981,France,3.42,,,,,
109,165,Cistercian Abbey of Fontenay,1981,France,3.13,,,,,
110,166,Sydney Opera House,2007,Australia,3.47,,,,,
111,167,Willandra Lakes,1981,Australia,3.51,,,,,
112,168,Speyer Cathedral,1981,Germany,2.99,,,,,
113,169,Würzburg Residence,1981,Germany,3.36,,,,,
114,170,Medina of Fez,1981,Morocco,3.8,,,,,
115,171,Fort and Shalamar Gardens,1981,Pakistan,3.22,,,,,
116,173,Stone Town of Zanzibar,2000,Tanzania,3.63,,,,,
117,174,Florence,1982,Italy,4.57,,,,,
118,175,Medici Villas and Gardens,2013,Italy,3.12,,,,,
119,179,Tassili n'Ajjer,1982,Algeria,3.83,,,,,
120,180,National History Park,1982,Haiti,4.17,,,,,
121,181,Tasmanian Wilderness,1982,Australia,4.23,,,,,
122,183,Leptis Magna,1982,Libya,4.32,,,,,
123,184,Sabratha,1982,Libya,3.78,,,,,
124,185,Aldabra Atoll,1982,Seychelles,3.62,,,,,
125,186,Lord Howe Island,1982,Australia,3.87,,,,,
126,187,Hildesheim Cathedral and Church,1985,Germany,2.67,,,,,
127,188,M'Zab Valley,1982,Algeria,3.84,,,,,
128,189,Olinda,1982,Brazil,3.36,,,,,
129,190,Cyrene,1982,Libya,3.26,,,,,
130,191,Djémila,1982,Algeria,3.72,,,,,
131,192,Shibam,1982,Yemen,4.33,,,,,
132,193,Tipasa,1982,Algeria,3.12,,,,,
133,194,Timgad,1982,Algeria,3.61,,,,,
134,195,Taï National Park,1982,Côte d'Ivoire,3.5,,,,,
135,196,Rio Platano Biosphere Reserve,1982,Honduras,3.57,,,,,
136,198,Cahokia Mounds,1982,United States of America,2.66,,,,,
137,199,Selous Game Reserve,1982,Tanzania,3.72,,,,,
138,200,Anuradhapura,1982,Sri Lanka,3.52,,,,,
139,201,Polonnaruva,1982,Sri Lanka,3.5,,,,,
140,202,Sigiriya,1982,Sri Lanka,3.81,,,,,
141,203,Royal Saltworks of Arc-et-Senans,1982,France,2.86,,,,,
142,204,Old Havana,1982,Cuba,3.98,,,,,
143,205,Talamanca Range-La Amistad Reserves,1983,Costa Rica,3.15,,,,,
144,206,Angra do Heroismo,1983,Portugal,3.19,,,,,
145,208,Bamiyan Valley,2003,Afghanistan,4.27,,,,,
146,211,Minaret of Jam,2002,Afghanistan,4.26,,,,,
147,216,Rila Monastery,1983,Bulgaria,3.74,,,,,
148,217,Nessebar,1983,Bulgaria,3,,,,,
149,219,Srebarna Nature Reserve,1983,Bulgaria,1.36,,,,,
150,225,Pirin National Park,1983,Bulgaria,2.94,,,,,
151,227,Comoé National Park,1983,Côte d'Ivoire,2.06,,,,,
152,228,Avignon,1995,France,3.65,,,,,
153,229,Nancy,1983,France,2.99,,,,,
154,230,Saint-Savin sur Gartempe,1983,France,3.2,,,,,
1,231,Red Fort,2007,India,3.2,Delhi,28.6563772974477,77.2413589115219,,
2,232,Humayun's Tomb,1993,India,3.4,Delhi,28.5935108635404,77.2511247054366,,
3,233,Qutb Minar,1993,India,3.56,Delhi,28.5248053268723,77.1860141265216,,
4,234,Churches and Convents of Goa,1986,India,3.42,Goa,15.5026271633506,73.9120013302541,,
5,239,Pattadakal,1987,India,3.42,Karnataka,15.949919257918,75.8175090603693,,
6,240,Khajuraho Group of Monuments,1986,India,4.15,Madhya Pradesh,24.8338535118308,79.9217810460199,,
7,241,Hampi,1986,India,4.28,Karnataka,15.3351684351877,76.4597577177258,,
8,242,Ajanta Caves,1983,India,4.01,Maharashtra,20.5523934756956,75.7076651609762,,
9,243,Ellora Caves,1983,India,4.32,Maharashtra,20.0269052944606,75.1774623821301,,
10,244,Elephanta Caves,1987,India,3.13,Maharashtra,18.9636213387431,72.9321086684169,,
11,246,"Sun Temple, Konarak",1984,India,3.84,Odisha,19.8877466162377,86.0955341777005,,
12,247,Hill Forts of Rajasthan,2013,India,3.82,Rajasthan,27.271535805002,68.8675856569446,,
13,249,Mahabalipuram,1984,India,4.04,Tamil Nadu,12.6216562095776,80.195605227014,,
14,250,Chola Temples,1987,India,4.23,Tamil Nadu,13.1799388510659,78.8988652730095,,
15,251,Agra Fort,1983,India,3.68,Uttar Pradesh,27.1796950269882,78.0214767765568,,
16,252,Taj Mahal,1983,India,4.42,Uttar Pradesh,27.1753452114241,78.0423245863424,,
17,255,Fatehpur Sikri,1986,India,3.43,Uttar Pradesh,27.0976415307308,77.6697647006816,,
172,256,Wood Buffalo National Park,1983,Canada,3.01,,,,,
173,258,Gulf of Porto,1983,France,3.39,,,,,
174,259,Great Smoky Mountains,1983,United States of America,3.44,,,,,
175,260,Sangay National Park,1983,Ecuador,2.77,,,,,
176,261,Vallée de Mai,1983,Seychelles,2.95,,,,,
177,262,Sanganeb,2016,Sudan,3.78,,,,,
178,263,Belem,1983,Portugal,3.52,,,,,
179,264,Monastery of Batalha,1983,Portugal,3.65,,,,,
180,265,Convent of Christ in Tomar,1983,Portugal,3.75,,,,,
181,266,La Fortaleza and San Juan,1983,United States of America,3.42,,,,,
182,267,Old City of Berne,1983,Switzerland,3.33,,,,,
183,268,Abbey of St Gall,1983,Switzerland,3.24,,,,,
184,269,Benedictine Convent of St. John,1983,Switzerland,3.11,,,,,
185,271,Pilgrimage Church of Wies,1983,Germany,3.21,,,,,
186,272,Lübeck,1987,Germany,3.22,,,,,
187,273,Cuzco,1983,Peru,3.84,,,,,
188,274,Machu Picchu,1983,Peru,4.76,,,,,
189,275,Jesuit Missions of the Guaranis,1983,Brazil,3.03,,,,,
190,276,Samarra,2007,Iraq,3.18,,,,,
191,277,Hatra,1985,Iraq,3.69,,,,,
192,278,Babylon,2019,Iraq,3.41,,,,,
193,280,Salonga National Park,1984,Congo (Democratic Republic),0,,,,,
194,284,Chitwan National Park,1984,Nepal,3.44,,,,,
195,285,Cartagena,1984,Colombia,3.51,,,,,
196,286,Vatican City,1984,Holy See,4.35,,,,,
197,287,Tadrart Acacus,1985,Libya,4.2,,,,,
198,288,Castles of Augustusburg and Falkenlust,1984,Germany,2.78,,,,,
199,289,Lake Malawi,1984,Malawi,3.51,,,,,
200,292,Cologne Cathedral,1996,Germany,3.53,,,,,
201,293,Anjar,1984,Lebanon,3.37,,,,,
202,294,Baalbek,1984,Lebanon,4.31,,,,,
203,295,Byblos,1984,Lebanon,3.39,,,,,
204,299,Tyre,1984,Lebanon,2.95,,,,,
205,300,Québec,1985,Canada,3.69,,,,,
206,302,Mana Pools,1984,Zimbabwe,4,,,,,
207,303,Iguazu National Park,1984,Argentina,4.56,,,,,
208,304,Canadian Rocky Mountain Parks,1984,Canada,4.6,,,,,
209,306,Matobo Hills,2003,Zimbabwe,3.57,,,,,
210,307,Statue of Liberty,1984,United States of America,3.35,,,,,
211,308,Yosemite National Park,1984,United States of America,4.33,,,,,
212,309,Salvador de Bahia,1985,Brazil,3.6,,,,,
213,310,Altamira Cave,1985,Spain,3.44,,,,,
214,311,Segovia,1985,Spain,3.9,,,,,
215,312,Asturian Monuments,1985,Spain,3.21,,,,,
216,313,Cordoba,1984,Spain,4.24,,,,,
217,314,Granada,1984,Spain,4.46,,,,,
218,316,Burgos Cathedral,1984,Spain,3.53,,,,,
219,318,El Escurial,1984,Spain,3.31,,,,,
220,320,Works of Antoni Gaudí,1984,Spain,4.15,,,,,
221,321,Bagerhat,1985,Bangladesh,2.43,,,,,
222,322,Buddhist Vihara at Paharpur,1985,Bangladesh,2.84,,,,,
223,323,Royal Palaces of Abomey,1985,Benin,2.85,,,,,
224,326,Petra,1985,Jordan,4.75,,,,,
225,327,Quseir Amra,1985,Jordan,3.08,,,,,
226,330,Chavin,1985,Peru,3.25,,,,,
227,331,Medina of Marrakesh,1985,Morocco,3.84,,,,,
228,332,Kerkuane,1985,Tunisia,3.01,,,,,
229,333,Huascaran National Park,1985,Peru,4.02,,,,,
230,334,Congonhas,1985,Brazil,2.98,,,,,
18,335,Nanda Devi and Valley of Flowers,1988,India,3.54,Uttarakhand,30.6590313197142,79.8390297055048,,
19,337,Kaziranga National Park,1985,India,3.88,Assam,26.6518629148221,93.3867366572095,,
20,338,Manas Wildlife Sanctuary,1985,India,2.35,Assam,26.8102891832284,91.2402449434824,,
21,340,Keoladeo National Park,1985,India,2.94,Rajasthan,27.1598853060221,77.5223813244425,,
235,344,Pont du Gard,1985,France,3.71,,,,,
236,345,Fortified City of Carcassonne,1997,France,3.91,,,,,
237,347,Santiago de Compostela,1985,Spain,3.63,,,,,
238,348,Avila,1985,Spain,3.34,,,,,
239,351,Painted Churches in the Troödos Region,1985,Cyprus,3.58,,,,,
240,352,Rock Art of Alta,1985,Norway,3.34,,,,,
241,353,Chaco Culture,1987,United States of America,3.54,,,,,
242,354,Waterton Glacier International Peace Park,1995,Canada,4.05,,,,,
243,355,Iguacu,1986,Brazil,4.48,,,,,
244,356,Istanbul,1985,Turkiye,4.48,,,,,
245,357,Göreme NP,1985,Turkiye,4.47,,,,,
246,358,Divrigi,1985,Turkiye,3.04,,,,,
247,359,Thracian tomb of Sveshtari,1985,Bulgaria,2.99,,,,,
248,361,Evora,1986,Portugal,3.16,,,,,
249,362,Ghadames,1986,Libya,3.82,,,,,
250,364,Great Zimbabwe,1986,Zimbabwe,4.06,,,,,
251,365,Khami Ruins,1986,Zimbabwe,3.03,,,,,
252,366,Chan Chan,1986,Peru,3.61,,,,,
253,367,Trier,1986,Germany,3.47,,,,,
254,368,Gondwana Rainforests,1986,Australia,3.51,,,,,
255,369,Giant's Causeway,1986,United Kingdom,3.78,,,,,
256,370,Durham Castle and Cathedral,1986,United Kingdom,3.19,,,,,
257,371,Ironbridge Gorge,1986,United Kingdom,3.07,,,,,
258,372,Studley Royal Park,1986,United Kingdom,3.22,,,,,
259,373,Stonehenge,1986,United Kingdom,3.86,,,,,
260,374,Gwynedd Castles,1986,United Kingdom,3.42,,,,,
261,377,Hattusha,1986,Turkiye,3.72,,,,,
262,378,Mudejar Architecture of Aragon,1986,Spain,3.29,,,,,
263,379,Toledo,1986,Spain,4.01,,,,,
264,380,Garajonay,1986,Spain,3.39,,,,,
265,381,Salamanca,1988,Spain,3.67,,,,,
266,383,Seville,1987,Spain,4.04,,,,,
267,384,Caceres,1986,Spain,3.23,,,,,
268,385,Sana'a,1986,Yemen,4.2,,,,,
269,387,St. Kilda,1986,United Kingdom,3.8,,,,,
270,389,Studenica Monastery,1986,Serbia,3.18,,,,,
271,390,Skocjan Caves,1986,Slovenia,3.7,,,,,
272,392,Temple of Apollo Epicurius at Bassae,1986,Greece,3.1,,,,,
273,393,Archaeological Site of Delphi,1987,Greece,3.99,,,,,
274,394,Venice and its Lagoon,1987,Italy,4.59,,,,,
275,395,Piazza del Duomo (Pisa),1987,Italy,3.82,,,,,
276,398,Castel del Monte,1996,Italy,3.25,,,,,
277,400,Budapest,1987,Hungary,3.9,,,,,
278,401,Hollókö,1987,Hungary,2.66,,,,,
279,402,Manu National Park,1987,Peru,4.14,,,,,
280,403,Kilimanjaro National Park,1987,Tanzania,4.3,,,,,
281,404,Acropolis,1987,Greece,4.33,,,,,
282,405,Sinharaja Forest,1988,Sri Lanka,3,,,,,
283,407,Dja Faunal Reserve,1987,Cameroon,2.61,,,,,
284,409,Hawaii Volcanoes,1987,United States of America,4.23,,,,,
285,410,Sian Ka'an,1987,Mexico,2.91,,,,,
286,411,Palenque,1987,Mexico,4.29,,,,,
287,412,Mexico City and Xochimilco,1987,Mexico,3.85,,,,,
288,414,Teotihuacan,1987,Mexico,4.35,,,,,
289,415,Oaxaca and Monte Alban,1987,Mexico,3.87,,,,,
290,416,Puebla,1987,Mexico,3.48,,,,,
291,417,Ibiza,1999,Spain,2.84,,,,,
292,419,Gros Morne National Park,1987,Canada,4.21,,,,,
293,420,Potosi,1987,Bolivia,3.31,,,,,
294,421,Tongariro National Park,1990,New Zealand,3.85,,,,,
295,422,Lake District,2017,United Kingdom,3.67,,,,,
296,425,Blenheim Palace,1987,United Kingdom,3.16,,,,,
297,426,Westminster,1987,United Kingdom,3.67,,,,,
298,428,City of Bath,1987,United Kingdom,3.61,,,,,
299,429,New Lanark,2001,United Kingdom,2.77,,,,,
300,430,Frontiers of the Roman Empire,1987,United Kingdom,2.83,,,,,
301,433,Bahla Fort,1987,Oman,2.72,,,,,
302,434,"Bat, Al-Khutm and Al-Ayn",1988,Oman,2.92,,,,,
303,437,Mount Taishan,1987,China,3.94,,,,,
304,438,Great Wall,1987,China,4.51,,,,,
305,439,Imperial Palace,1987,China,4.27,,,,,
306,440,Mogao Caves,1987,China,4.21,,,,,
307,441,Mausoleum of the First Qin Emperor,1987,China,4.16,,,,,
308,442,Monticello,1987,United States of America,3.35,,,,,
309,444,Ksar of Aït Ben Haddou,1987,Morocco,3.62,,,,,
310,445,Brasilia,1987,Brazil,3.55,,,,,
311,447,Uluru,1987,Australia,4.57,,,,,
312,448,Nemrut Dag,1987,Turkiye,4.43,,,,,
313,449,Peking Man Site,1987,China,2.29,,,,,
314,450,Kandy,1988,Sri Lanka,3.07,,,,,
315,451,Old Town of Galle,1988,Sri Lanka,3.17,,,,,
22,452,Sundarbans National Park,1987,India,3.11,West Bengal,21.8844344939275,88.8861382433506,,
317,454,Mount Athos,1988,Greece,3.66,,,,,
318,455,Meteora,1988,Greece,4.4,,,,,
319,456,Thessalonika,1988,Greece,3.03,,,,,
320,460,Trinidad and the Valley de los Ingenios,1988,Cuba,3.64,,,,,
321,474,Hortobágy,1999,Hungary,2.29,,,,,
322,475,Manovo-Gounda St. Floris,1988,Central African Republic,0,,,,,
323,476,Chongoni Rock Art,2006,Malawi,1.57,,,,,
324,479,Luang Prabang,1995,Laos,3.72,,,,,
325,481,Vat Phou,2001,Laos,3.06,,,,,
326,482,Guanajuato,1988,Mexico,4.04,,,,,
327,483,Chichen-Itza,1988,Mexico,4.24,,,,,
328,484,Xanthos-Letoon,1988,Turkiye,2.82,,,,,
329,485,Hierapolis-Pamukkale,1988,Turkiye,4.14,,,,,
330,486,Wet Tropics of Queensland,1988,Australia,3.58,,,,,
331,487,Henderson Island,1988,United Kingdom,2.88,,,,,
332,488,Tower of London,1988,United Kingdom,3.41,,,,,
333,491,Epidaurus,1988,Greece,3.46,,,,,
334,492,Taos Pueblo,1992,United States of America,3.35,,,,,
335,493,Rhodes,1988,Greece,3.78,,,,,
336,494,Andrefana Dry Forests,1990,Madagascar,4.33,,,,,
337,495,Strasbourg,1988,France,3.52,,,,,
338,496,Canterbury,1988,United Kingdom,3.41,,,,,
339,498,Medina of Sousse,1988,Tunisia,2.95,,,,,
340,499,Kairouan,1988,Tunisia,3.15,,,,,
341,500,Lima,1988,Peru,2.9,,,,,
342,502,Vigan,1999,Philippines,3.24,,,,,
343,505,Monastery of Alcobaça,1989,Portugal,3.31,,,,,
344,506,Banc d'Arguin,1989,Mauritania,2.4,,,,,
345,509,Victoria Falls,1989,Zambia,4.68,,,,,
346,511,Mystras,1989,Greece,3.68,,,,,
347,514,Neolithic Orkney,1999,United Kingdom,3.97,,,,,
348,515,Abbey and Altenmünster of Lorsch,1991,Germany,2.34,,,,,
349,516,Cliff of Bandiagara,1989,Mali,3.8,,,,,
350,517,Olympia,1989,Greece,3.79,,,,,
351,518,Poblet Monastery,1991,Spain,3.1,,,,,
352,522,Úbeda and Baeza,2003,Spain,2.85,,,,,
23,524,Sanchi,1989,India,3.76,Madhya Pradesh,23.4804374343703,77.7413331434343,,
354,526,Santo Domingo,1990,Dominican Republic,3.32,,,,,
355,527,Kyiv Cathedral and Lavra,1990,Ukraine,3.63,,,,,
356,529,Jesuit Missions of the Chiquitos,1990,Bolivia,3.11,,,,,
357,530,Delos,1990,Greece,3.54,,,,,
358,532,Potsdam,1990,Germany,3.56,,,,,
359,534,Garden Kingdom of Dessau-Wörlitz,2000,Germany,2.51,,,,,
360,535,Quedlinburg,1994,Germany,3.32,,,,,
361,537,"Daphni, Hosios Loukas and Nea Moni of Chios",1990,Greece,3.09,,,,,
362,540,St. Petersburg,1990,Russia,4.44,,,,,
363,541,Vilnius,1994,Lithuania,3.44,,,,,
364,543,Itchan Kala,1990,Uzbekistan,3.96,,,,,
365,544,Kizhi Pogost,1990,Russia,3.94,,,,,
366,545,Kremlin and Red Square,1990,Russia,4.23,,,,,
367,546,Maulbronn Monastery,1993,Germany,3.23,,,,,
368,547,Huangshan,1990,China,4.07,,,,,
369,548,Rio Abiseo National Park,1990,Peru,3.3,,,,,
370,549,Royal Palace at Caserta,1997,Italy,3.27,,,,,
371,550,San Gimignano,1990,Italy,3.75,,,,,
372,551,Te Wahipounamu,1986,New Zealand,4.33,,,,,
373,554,Whale Sanctuary of El Vizcaino,1993,Mexico,3.98,,,,,
374,555,Birka and Hovgarden,1993,Sweden,2.3,,,,,
375,556,Engelsberg Ironworks,1993,Sweden,2.49,,,,,
376,557,Rock Carvings in Tanum,1994,Sweden,3.02,,,,,
377,558,Skogskyrkogarden,1994,Sweden,2.48,,,,,
378,559,Drottningholm,1991,Sweden,2.83,,,,,
379,560,Paquimé,1998,Mexico,2.98,,,,,
380,561,Rangiri Dambulla Cave Temple,1991,Sri Lanka,3.41,,,,,
381,564,Zamość,1992,Poland,3.1,,,,,
382,565,Kasbah of Algiers,1992,Algeria,2.65,,,,,
383,566,Sucre,1991,Bolivia,3.02,,,,,
384,567,Tiwanaku,2000,Bolivia,3.27,,,,,
385,569,Berat and Gjirokastra,2005,Albania,3.67,,,,,
386,570,Butrint,1992,Albania,3.49,,,,,
387,573,Air and Téneré,1991,Niger,3.57,,,,,
388,574,Sukhothai,1991,Thailand,3.79,,,,,
389,575,Ban Chiang,1992,Thailand,2.5,,,,,
390,576,Ayutthaya,1991,Thailand,3.59,,,,,
391,577,Heard and McDonald Islands,1997,Australia,3.5,,,,,
392,578,Shark Bay,1991,Australia,3.91,,,,,
393,579,Sammallahdenmäki,1999,Finland,2.22,,,,,
394,582,Old Rauma,1991,Finland,2.65,,,,,
395,583,Fortress of Suomenlinna,1991,Finland,2.82,,,,,
396,584,Petäjävesi Old Church,1994,Finland,3.02,,,,,
397,585,Morelia,1991,Mexico,2.91,,,,,
398,586,Rohtas Fort,1997,Pakistan,3.17,,,,,
399,588,Danube Delta,1991,Romania,3.39,,,,,
400,590,Dong Phayayen,2005,Thailand,3.04,,,,,
401,591,Thungyai-Huai Kha Khaeng,1991,Thailand,2.47,,,,,
402,592,Borobudur,1991,Indonesia,4.48,,,,,
403,593,Sangiran Early Man Site,1996,Indonesia,1.93,,,,,
404,595,Pythagoreion and Heraion of Samos,1992,Greece,2.52,,,,,
405,596,Villages with Fortified Churches,1993,Romania,3.55,,,,,
406,597,Monastery of Horezu,1993,Romania,3.17,,,,,
407,598,Churches of Moldavia,1993,Romania,4.06,,,,,
408,599,Island of Mozambique,1991,Mozambique,3.71,,,,,
409,600,"Paris, Banks of the Seine",1991,France,4.25,,,,,
410,601,Reims,1991,France,3.49,,,,,
411,602,Bukhara,1993,Uzbekistan,4.2,,,,,
412,603,Samarkand,2001,Uzbekistan,4.58,,,,,
413,604,Novgorod,1992,Russia,3.22,,,,,
414,606,Serra da Capivara,1991,Brazil,3.54,,,,,
415,608,Ujung Kulon National Park,1991,Indonesia,3.85,,,,,
416,609,Komodo National Park,1991,Indonesia,4.07,,,,,
417,611,Zabid,1993,Yemen,2.67,,,,,
418,613,Ruins of León Viejo,2000,Nicaragua,2.5,,,,,
419,614,Safranbolu,1994,Turkiye,3.25,,,,,
420,616,Prague,1992,Czechia,4.33,,,,,
421,617,Cesky Krumlov,1992,Czechia,4.01,,,,,
422,618,Banska Stiavnica,1993,Slovakia,3.03,,,,,
423,620,Spissky Hrad and Levoca,1993,Slovakia,3.31,,,,,
424,621,Telc,1992,Czechia,3.21,,,,,
425,622,Vlkolinec,1993,Slovakia,2.85,,,,,
426,623,Rammelsberg and Goslar,1992,Germany,3.24,,,,,
427,624,Bamberg,1993,Germany,3.5,,,,,
428,625,Mir Castle,2000,Belarus,2.34,,,,,
429,629,Macquarie Island,1997,Australia,4.58,,,,,
430,630,Fraser Island,1992,Australia,4.22,,,,,
431,631,El Tajin,1992,Mexico,3.77,,,,,
432,632,Solovetsky Islands,1992,Russia,3.73,,,,,
433,633,White Monuments of Vladimir and Suzdal,1992,Russia,3.58,,,,,
434,634,"Church of the Ascension, Kolomenskoye",1994,Russia,2.44,,,,,
435,635,Bourges Cathedral,1992,France,3.6,,,,,
436,637,Jiuzhaigou Valley,1992,China,4.43,,,,,
437,638,Huanglong,1992,China,4.19,,,,,
438,640,Wulingyuan,1992,China,4.26,,,,,
439,642,Prambanan,1991,Indonesia,3.94,,,,,
440,648,Jesuit Missions of Trinidad and Jesus,1993,Paraguay,3.18,,,,,
441,652,Puerto-Princesa Subterranean River,1999,Philippines,3.42,,,,,
442,653,Tubbataha Reefs,1993,Philippines,3.14,,,,,
443,657,Trinity Sergius Lavra,1993,Russia,3.28,,,,,
444,658,Coro and its Port,1993,Venezuela,2.83,,,,,
445,659,Brú na Bóinne,1993,Ireland,3.76,,,,,
446,660,Horyu-ji Area,1993,Japan,3.39,,,,,
447,661,Himeji-jo,1993,Japan,3.62,,,,,
448,662,Yakushima,1993,Japan,4.13,,,,,
449,663,Shirakami-Sanchi,1993,Japan,3.41,,,,,
450,664,Mérida,1993,Spain,3.34,,,,,
451,665,Santa Maria de Guadalupe,1993,Spain,3.05,,,,,
452,666,Lumbini,1997,Nepal,2.7,,,,,
453,668,Angkor,1992,Cambodia,4.84,,,,,
454,669,Route of Santiago de Compostela,1993,Spain,3.48,,,,,
455,670,Matera,1993,Italy,3.94,,,,,
456,672,Ha Long Bay – Cat Ba Archipelago,1994,Viet Nam,4.07,,,,,
457,675,Joya de Ceren,1993,El Salvador,2.97,,,,,
458,676,Zacatecas,1993,Mexico,3.27,,,,,
459,677,Baroque Churches,1993,Philippines,2.87,,,,,
460,678,Hué,1993,Viet Nam,3.39,,,,,
461,682,Bwindi Impenetrable National Park,1994,Uganda,4.38,,,,,
462,684,Rwenzori Mountains,1994,Uganda,3.67,,,,,
463,685,Donana National Park,1994,Spain,2.87,,,,,
464,686,Miguasha National Park,1999,Canada,2.6,,,,,
465,687,Völklingen Ironworks,1994,Germany,3.16,,,,,
466,688,Ancient Kyoto,1994,Japan,4.55,,,,,
467,689,As-Salt,2021,Jordan,2.06,,,,,
468,690,Pilgrimage Church of St. John of Nepomuk,1994,Czechia,2.86,,,,,
469,692,Odzala-Kokoua,2023,Congo (Republic),0,,,,,
470,695,Roskilde Cathedral,1995,Denmark,2.83,,,,,
471,696,Kronborg Castle,2000,Denmark,3.01,,,,,
472,697,Jelling,1994,Denmark,2.43,,,,,
473,698,Australian Fossil Mammal Sites,1994,Australia,3,,,,,
474,699,City of Luxembourg,1994,Luxembourg,3.14,,,,,
475,700,Nasca Lines,1994,Peru,4.02,,,,,
476,701,Canaima National Park,1994,Venezuela,4.07,,,,,
477,702,Popocatepetl monasteries,1994,Mexico,2.78,,,,,
478,703,"Mountain Resort, Chengde",1994,China,3.75,,,,,
479,704,"Temple, Mansion and Cemetery of Confucius",1994,China,3.57,,,,,
480,705,Wudang Mountains,1994,China,3.73,,,,,
481,707,Potala Palace,1994,China,4.37,,,,,
482,708,Mtskheta,1994,Georgia,3.3,,,,,
483,709,Upper Svaneti,1996,Georgia,4.14,,,,,
484,710,Gelati Monastery,1994,Georgia,3.36,,,,,
485,711,Los Katios National Park,1994,Colombia,3.93,,,,,
486,712,Vicenza and the Palladian Villas,1994,Italy,3.33,,,,,
487,714,Rock Paintings of the Sierra de San Francisco,1993,Mexico,3.08,,,,,
488,715,Rapa Nui,1995,Chile,4.84,,,,,
489,717,Siena,1995,Italy,4.13,,,,,
490,718,Okapi Wildlife Reserve,1996,Congo (Democratic Republic),0,,,,,
491,719,Virgin Komi Forests,1995,Russia,2.89,,,,,
492,720,Messel Pit,1995,Germany,2.18,,,,,
493,721,Carlsbad Caverns,1995,United States of America,3.51,,,,,
494,722,Rice Terraces of the Philippine Cordilleras,1995,Philippines,4.02,,,,,
495,723,Sintra,1995,Portugal,3.91,,,,,
496,724,Medieval Monuments in Kosovo,2004,Serbia,3.19,,,,,
497,725,Aggtelek and Slovak Karst,1995,Hungary,3.15,,,,,
498,726,Naples,1995,Italy,3.47,,,,,
499,728,Edinburgh,1995,United Kingdom,4.05,,,,,
500,729,Bauhaus Sites,1996,Germany,2.84,,,,,
501,730,Crespi d'Adda,1995,Italy,2.33,,,,,
502,731,Visby,1995,Sweden,3.53,,,,,
503,732,Kutna Hora,1995,Czechia,3.33,,,,,
504,733,Ferrara,1995,Italy,3.26,,,,,
505,734,Shirakawa-go and Gokayama,1995,Japan,3.77,,,,,
506,736,Seokguram Grotto and Bulguksa Temple,1995,Republic of Korea,3.36,,,,,
507,737,Haeinsa Temple,1995,Republic of Korea,3.67,,,,,
508,738,Jongmyo Shrine,1995,Republic of Korea,2.66,,,,,
509,739,Schokland,1995,Netherlands,1.85,,,,,
510,740,Gough and Inaccessible Islands,1995,United Kingdom,2.9,,,,,
511,741,Old Town Lunenburg,1995,Canada,3.26,,,,,
512,742,Santa Cruz de Mompox,1995,Colombia,3.05,,,,,
513,743,Tierradentro,1995,Colombia,3.32,,,,,
514,744,San Agustín,1995,Colombia,3.47,,,,,
515,747,Colonia del Sacramento,1995,Uruguay,2.77,,,,,
516,749,W-Arly-Pendjari Complex,1996,Niger,2.21,,,,,
517,750,Ancient ksours,1996,Mauritania,3.42,,,,,
518,751,Verla Groundwood and Board Mill,1996,Finland,2.6,,,,,
519,753,Medina of Essaouira,2001,Morocco,3.26,,,,,
520,754,Lake Baikal,1996,Russia,3.84,,,,,
521,755,Oporto,1996,Portugal,3.91,,,,,
522,757,Sceilg Mhichíl,1996,Ireland,4,,,,,
523,758,Pannonhalma,1996,Hungary,2.69,,,,,
524,759,Dutch Water Defence Lines,1996,Netherlands,2.44,,,,,
525,761,Kunta Kinteh Island,2003,Gambia,2.34,,,,,
526,762,Gammelstad,1996,Sweden,3.06,,,,,
527,763,Lednice-Valtice Cultural Landscape,1996,Czechia,2.89,,,,,
528,764,Belize Barrier Reef,1996,Belize,3.62,,,,,
529,765,Volcanoes of Kamchatka,1996,Russia,4.71,,,,,
530,766,Central Sikhote-Alin,2001,Russia,3.39,,,,,
531,768,Golden Mountains of Altai,1998,Russia,3.67,,,,,
532,769,Uvs Nuur Basin,2003,Russia,2.91,,,,,
533,770,Canal du Midi,1996,France,2.64,,,,,
534,772,Fertö/Neusiedlersee,2001,Austria,2.33,,,,,
535,773,Pyrénées - Mont Perdu,1997,Spain,3.69,,,,,
536,774,Laponian Area,1996,Sweden,3.52,,,,,
537,775,Genbaku Dome,1996,Japan,3.26,,,,,
538,776,Itsukushima Shrine,1996,Japan,3.71,,,,,
539,777,Haghpat and Sanahin,1996,Armenia,3.66,,,,,
540,778,Lushan National Park,1996,China,3.07,,,,,
541,779,"Mount Emei, including Leshan Giant Buddha",1996,China,3.94,,,,,
542,780,Archaeological Site of Aigai,1996,Greece,3.55,,,,,
543,781,Cuenca,1996,Spain,3.22,,,,,
544,782,La Lonja de la Seda,1996,Spain,2.77,,,,,
545,783,Luther Memorials,1996,Germany,2.6,,,,,
546,784,Salzburg,1996,Austria,3.8,,,,,
547,785,Semmering Railway,1998,Austria,2.55,,,,,
548,786,Schönbrunn,1996,Austria,3.51,,,,,
549,787,The trulli of Alberobello,1996,Italy,3.44,,,,,
550,788,Ravenna,1996,Italy,4.2,,,,,
551,789,Pienza,1996,Italy,3.11,,,,,
552,790,Panamá,1997,Panama,3.02,,,,,
553,791,Uxmal,1996,Mexico,4.08,,,,,
554,792,Querétaro,1996,Mexico,3.03,,,,,
555,793,Meknes,1996,Morocco,3.05,,,,,
556,794,Dougga/Thugga,1997,Tunisia,3.94,,,,,
557,795,Maritime Greenwich,1997,United Kingdom,3.12,,,,,
558,797,Verona,2000,Italy,3.55,,,,,
559,798,The Sundarbans,1997,Bangladesh,3.08,,,,,
560,800,Mount Kenya,1997,Kenya,3.16,,,,,
561,801,Lake Turkana,1997,Kenya,3.01,,,,,
562,803,Las Medulas,1997,Spain,3.4,,,,,
563,804,Palau de la Musica Catalana & Hospital de Sant Pau,1997,Spain,3.54,,,,,
564,805,Yuso and Suso Monasteries,1997,Spain,3.1,,,,,
565,806,Hallstatt-Dachstein,1997,Austria,3.67,,,,,
566,809,Euphrasian Basilica in Porec,1997,Croatia,3.07,,,,,
567,810,Trogir,1997,Croatia,3,,,,,
568,811,Old Town of Lijiang,1997,China,3.62,,,,,
569,812,Ping Yao,1997,China,3.66,,,,,
570,813,Classical Gardens of Suzhou,1997,China,3.77,,,,,
571,814,Morne Trois Pitons,1997,Dominica,3.34,,,,,
572,815,Hospicio Cabañas,1997,Mexico,2.59,,,,,
573,816,Changdeokgung Palace Complex,1997,Republic of Korea,3.25,,,,,
574,817,Hwaseong Fortress,1997,Republic of Korea,3.03,,,,,
575,818,Kinderdijk,1997,Netherlands,3.52,,,,,
576,819,Willemstad,1997,Netherlands,3.18,,,,,
577,820,Cocos Island,1997,Costa Rica,4.26,,,,,
578,821,São Luis,1997,Brazil,2.98,,,,,
579,822,Tallinn,1997,Estonia,3.73,,,,,
580,823,Residences of the Royal House of Savoy,1997,Italy,3.04,,,,,
581,824,"Botanical Garden, Padua",1997,Italy,2.7,,,,,
582,825,Aquileia,1998,Italy,3.28,,,,,
583,826,"Portovenere, Cinque Terre, and the Islands",1997,Italy,4.02,,,,,
584,827,Modena,1997,Italy,3,,,,,
585,828,Urbino,1998,Italy,3.38,,,,,
586,829,Pompei,1997,Italy,4.46,,,,,
587,830,Costiera Amalfitana,1997,Italy,3.97,,,,,
588,831,Agrigento,1997,Italy,3.88,,,,,
589,832,Villa Romana del Casale,1997,Italy,3.91,,,,,
590,833,Su Nuraxi di Barumini,1997,Italy,3.37,,,,,
591,835,Torun,1997,Poland,3.33,,,,,
592,836,Volubilis,1997,Morocco,3.51,,,,,
593,837,Medina of Tétouan,1997,Morocco,3.05,,,,,
594,839,Alejandro de Humboldt National Park,2001,Cuba,3.48,,,,,
595,840,Viñales Valley,1999,Cuba,3.26,,,,,
596,841,San Pedro de la Roca Castle,1997,Cuba,2.97,,,,,
597,842,Cilento and Vallo di Diano,1998,Italy,3.48,,,,,
598,846,Classical Weimar,1998,Germany,3.05,,,,,
599,847,Malbork Castle,1997,Poland,3.69,,,,,
600,848,Choirokoitia,1998,Cyprus,2.57,,,,,
601,849,Troy,1998,Turkiye,2.96,,,,,
602,850,Qadisha Valley,1998,Lebanon,3.51,,,,,
603,852,Riga,1997,Latvia,3.54,,,,,
604,853,Early Christian Necropolis of Pécs,2000,Hungary,2.8,,,,,
605,854,East Rennell,1998,Solomon Islands,3.57,,,,,
606,855,Flemish Béguinages,1998,Belgium,2.78,,,,,
607,856,The Four Lifts,1998,Belgium,2.99,,,,,
608,857,"Grand Place, Brussels",1998,Belgium,3.53,,,,,
609,859,Holy Trinity Column,2000,Czechia,2.52,,,,,
610,860,Gardens and Castle at Kromeríz,1998,Czechia,2.76,,,,,
611,861,Holasovice,1998,Czechia,2.14,,,,,
612,862,Tlacotalpan,1998,Mexico,2.61,,,,,
613,863,Santa Ana de los Rios de Cuenca,1999,Ecuador,3.16,,,,,
614,865,L'viv,1998,Ukraine,3.68,,,,,
615,866,Coa Valley and Siega Verde,1998,Portugal,3.03,,,,,
616,867,Ir. D.F. Woudagemaal,1998,Netherlands,2.64,,,,,
617,868,Routes of Santiago de Compostela in France,1998,France,2.87,,,,,
618,870,Ancient Nara,1998,Japan,4,,,,,
619,871,Karlskrona,1998,Sweden,2.17,,,,,
620,872,Lyon,1998,France,3.38,,,,,
621,873,Provins,2001,France,2.98,,,,,
622,874,Rock Art of the Mediterranean Basin,1998,Spain,2.14,,,,,
623,875,Tarraco,2000,Spain,2.94,,,,,
624,876,Alcala de Henares,1998,Spain,2.61,,,,,
625,877,Sub-Antarctic Islands,1998,New Zealand,4.57,,,,,
626,880,Summer Palace,1998,China,3.93,,,,,
627,881,Temple of Heaven,1998,China,3.8,,,,,
628,883,El Fuerte de Samaipata,1998,Bolivia,3.27,,,,,
629,884,Bellinzone,2000,Switzerland,3.16,,,,,
630,885,Shakhrisyabz,2000,Uzbekistan,2.74,,,,,
631,886,Ancient Merv,1999,Turkmenistan,3.11,,,,,
632,887,Kuk,2008,Papua New Guinea,0.87,,,,,
633,889,Desembarco del Granma National Park,1999,Cuba,3.18,,,,,
634,890,Diamantina,1999,Brazil,2.98,,,,,
635,892,Discovery Coast,1999,Brazil,2.29,,,,,
636,893,Atlantic Forest South-East,1999,Brazil,3.18,,,,,
637,895,Campeche,1999,Mexico,2.75,,,,,
638,896,Museumsinsel (Museum Island),1999,Germany,3.47,,,,,
639,897,Wartburg Castle,1999,Germany,3.22,,,,,
640,898,High Coast / Kvarken Archipelago,2000,Finland,2.85,,,,,
641,899,Beemster Polder,1999,Netherlands,1.95,,,,,
642,900,Western Caucasus,1999,Russia,3.58,,,,,
643,901,Litomysl Castle,1999,Czechia,2.86,,,,,
644,902,Sighisoara,1999,Romania,3.35,,,,,
645,904,Wooden Churches of Maramures,1999,Romania,3.61,,,,,
646,905,Kalwaria Zebrzydowska,1999,Poland,2.52,,,,,
647,906,Dacian Fortresses,1999,Romania,2.96,,,,,
648,907,Villa Adriana (Tivoli),1999,Italy,3.43,,,,,
649,908,Isole Eolie,2000,Italy,3.76,,,,,
650,910,Brimstone Hill Fortress,1999,Saint Kitts and Nevis,3.02,,,,,
651,911,Mount Wuyi,1999,China,3.59,,,,,
652,912,Dazu Rock Carvings,1999,China,3.94,,,,,
653,913,Nikko,1999,Japan,3.83,,,,,
654,914,iSimangaliso Wetland Park,1999,South Africa,3.61,,,,,
655,915,Fossil Hominid Sites,1999,South Africa,2.51,,,,,
656,916,Robben Island,1999,South Africa,2.77,,,,,
657,917,Greater Blue Mountains,2000,Australia,3.17,,,,,
24,922,Rani-ki-Vav,2014,India,3.82,Gujarat,23.8597086148111,72.1037353895935,,
25,925,Rock Shelters of Bhimbetka,2003,India,3.09,Madhya Pradesh,22.9405338005242,77.6157804416177,,
660,928,Guanacaste,1999,Costa Rica,3.34,,,,,
661,929,San Cristobal de La Laguna,1999,Spain,2.68,,,,,
662,930,Palmeral of Elche,2000,Spain,2.51,,,,,
663,931,Graz,1999,Austria,2.97,,,,,
664,932,Saint-Emilion,1999,France,3.07,,,,,
665,933,Loire Valley,2000,France,4.15,,,,,
666,934,Laurisilva of Madeira,1999,Portugal,3.45,,,,,
667,936,Cueva de las Manos,1999,Argentina,3.82,,,,,
668,937,Peninsula Valdes,1999,Argentina,3.85,,,,,
669,938,Sukur,1999,Nigeria,0,,,,,
670,939,Xochicalco,1999,Mexico,3.54,,,,,
671,940,Paramaribo,2002,Suriname,2.62,,,,,
672,941,Mycenae and Tiryns,1999,Greece,3.67,,,,,
673,942,Island of Patmos,1999,Greece,3.4,,,,,
674,943,Belfries,1999,Belgium,2.97,,,,,
26,944,Mountain Railways of India,1999,India,3.68,India,11.3297564789882,76.7964790712204,,
27,945,Chhatrapati Shivaji Terminus,2004,India,3.09,Maharashtra,18.9409652422741,72.8369222732847,,
677,946,Mostar,2005,Bosnia Herzegovina,3.54,,,,,
678,948,Hoi An,1999,Viet Nam,3.62,,,,,
679,949,My Son,1999,Viet Nam,3.06,,,,,
680,950,Ambohimanga,2001,Madagascar,2.82,,,,,
681,951,Phong Nha - Ke Bang,2003,Viet Nam,3.69,,,,,
682,954,Saint Catherine Area,2002,Egypt,3.65,,,,,
683,955,Lorentz National Park,1999,Indonesia,3.8,,,,,
684,956,Island of Saint-Louis,2000,Senegal,2.28,,,,,
685,958,Walled City of Baku,2000,Azerbaijan,3.06,,,,,
686,959,Valparaiso,2003,Chile,3.32,,,,,
687,960,Monastery of Geghard,2000,Armenia,3.61,,,,,
688,963,Cathedral of St. James in Sibenik,2000,Croatia,2.81,,,,,
689,965,Rietveld Schröderhuis,2000,Netherlands,3.21,,,,,
690,966,Ischigualasto / Talampaya,2000,Argentina,3.8,,,,,
691,967,Noel Kempff Mercado National Park,2000,Bolivia,3.34,,,,,
692,968,Southern Öland,2000,Sweden,2.57,,,,,
693,970,Wachau Cultural Landscape,2000,Austria,3.59,,,,,
694,971,Churches of Chiloé,2000,Chile,3.38,,,,,
695,972,Gusuku of Ryukyu,2000,Japan,3.03,,,,,
696,973,Bardejov Town,2000,Slovakia,2.91,,,,,
697,974,Reichenau,2000,Germany,2.6,,,,,
698,975,Zollverein,2001,Germany,2.99,,,,,
699,976,Gyeongju,2000,Republic of Korea,3.32,,,,,
700,977,"Gochang, Hwasun, and Ganghwa Dolmen",2000,Republic of Korea,2.28,,,,,
701,978,Corfu,2007,Greece,3.1,,,,,
702,980,Kazan Kremlin,2000,Russia,3,,,,,
703,981,Bolgar,2014,Russia,2.52,,,,,
704,982,Ferapontov Monastery,2000,Russia,3.24,,,,,
705,983,"St. George, Bermuda",2000,United Kingdom,2.76,,,,,
706,984,Blaenavon Industrial Landscape,2000,United Kingdom,2.66,,,,,
707,985,Maloti-Drakensberg Park,2000,Lesotho,3.53,,,,,
708,986,Ciudad Universitaria de Caracas,2000,Venezuela,2.61,,,,,
709,987,Roman Walls of Lugo,2000,Spain,2.91,,,,,
710,988,Vall de Boi,2000,Spain,3.46,,,,,
711,989,Atapuerca,2000,Spain,2.33,,,,,
712,990,Assisi,2000,Italy,3.91,,,,,
713,993,Goias,2001,Brazil,2.55,,,,,
714,994,Curonian Spit,2000,Russia,3.39,,,,,
715,995,Jesuit Block and Estancias of Córdoba,2000,Argentina,2.66,,,,,
716,996,Brugge,2000,Belgium,4.02,,,,,
717,998,Central Amazon Conservation Complex,2000,Brazil,3.77,,,,,
718,999,Pantanal,2000,Brazil,4.09,,,,,
719,1000,Brazilian Atlantic Islands,2001,Brazil,3.51,,,,,
720,1001,Mount Qingcheng and Dujiangyan,2000,China,3.52,,,,,
721,1002,Xidi and Hongcun,2000,China,3.65,,,,,
722,1003,Longmen Grottoes,2000,China,4,,,,,
723,1004,Imperial Tombs,2000,China,3.29,,,,,
724,1005,Major Town Houses,2000,Belgium,2.9,,,,,
725,1006,Neolithic Flint Mines at Spiennes,2000,Belgium,2.42,,,,,
726,1007,Cape Floral Region,2004,South Africa,3.54,,,,,
727,1008,First Coffee Plantations,2000,Cuba,2.68,,,,,
728,1009,Notre-Dame Cathedral in Tournai,2000,Belgium,2.69,,,,,
729,1010,Land of Frankincense,2000,Oman,2.99,,,,,
730,1011,Echmiatsin and Zvartnots,2000,Armenia,3.18,,,,,
731,1012,Kinabalu Park,2000,Malaysia,3.45,,,,,
732,1013,Gunung Mulu,2000,Malaysia,4.4,,,,,
733,1014,Niah Caves,2024,Malaysia,2.88,,,,,
734,1016,Arequipa,2000,Peru,3.39,,,,,
735,1017,Central Suriname Nature Reserve,2000,Suriname,2.89,,,,,
736,1018,Ephesus,2015,Turkiye,4.22,,,,,
737,1021,Tsodilo,2001,Botswana,3.23,,,,,
738,1022,Tombs of Buganda Kings,2001,Uganda,2.14,,,,,
739,1023,Wrangel Island,2004,Russia,2.88,,,,,
740,1024,Val di Noto,2002,Italy,3.41,,,,,
741,1025,Villa d'Este,2001,Italy,3.37,,,,,
742,1026,Val d'Orcia,2004,Italy,3.26,,,,,
743,1027,Falun Great Copper Mountain,2001,Sweden,2.96,,,,,
744,1028,Saltaire,2001,United Kingdom,2.25,,,,,
745,1029,Dorset and East Devon Coast,2001,United Kingdom,3.38,,,,,
746,1030,Derwent Valley Mills,2001,United Kingdom,2.42,,,,,
747,1031,Guimarães,2001,Portugal,3.09,,,,,
748,1033,Vienna,2001,Austria,4.08,,,,,
749,1035,Cerrado Protected Areas,2001,Brazil,3.51,,,,,
750,1037,Swiss Alps Jungfrau-Aletsch,2001,Switzerland,4.12,,,,,
751,1039,Yungang Grottoes,2001,China,4.17,,,,,
752,1040,Masada,2001,Israel,3.94,,,,,
753,1042,Old City of Acre,2001,Israel,3.38,,,,,
754,1044,Aranjuez,2001,Spain,2.66,,,,,
755,1046,Alto Douro,2001,Portugal,3.35,,,,,
756,1052,Tugendhat Villa,2001,Czechia,2.97,,,,,
757,1053,Wooden Churches of Southern Malopolska,2003,Poland,3.27,,,,,
758,1054,Churches of Peace,2001,Poland,3.51,,,,,
759,1055,Lamu Old Town,2001,Kenya,3.45,,,,,
28,1056,Mahabodhi Temple Complex,2002,India,3.25,Bihar,24.6970135699773,84.9928354518066,,
761,1058,Mazagan,2004,Morocco,2.54,,,,,
762,1060,Kenya Lake System,2011,Kenya,3.48,,,,,
763,1061,Calakmul,2002,Mexico,4.25,,,,,
764,1063,Tokaji Wine Region,2002,Hungary,2.53,,,,,
765,1066,Upper Middle Rhine Valley,2002,Germany,3.67,,,,,
766,1067,Stralsund and Wismar,2002,Germany,2.84,,,,,
767,1068,Sacri Monti of Piedmont and Lombardy,2003,Italy,2.97,,,,,
768,1070,Derbent,2003,Russia,3.28,,,,,
769,1073,Gebel Barkal,2003,Sudan,3.5,,,,,
770,1076,Gobustan Rock Art,2007,Azerbaijan,2.82,,,,,
771,1077,Takht-e Soleyman,2003,Iran,3.44,,,,,
772,1078,Trebic,2003,Czechia,2.65,,,,,
773,1079,Franciscan Missions in the Sierra Gorda,2003,Mexico,3.14,,,,,
774,1081,Orkhon Valley,2004,Mongolia,2.77,,,,,
775,1083,Three parallel rivers of Yunnan,2003,China,3.6,,,,,
776,1084,Kew Gardens,2003,United Kingdom,3.33,,,,,
777,1087,"Town Hall and Roland, Bremen",2004,Germany,2.77,,,,,
778,1090,Monte San Giorgio,2003,Italy,2.29,,,,,
779,1091,Koguryo Tombs,2004,Korea (DPR),3.1,,,,,
780,1093,Um er-Rasas,2004,Jordan,2.81,,,,,
781,1094,Purnululu National Park,2003,Australia,4.17,,,,,
782,1096,White City of Tel-Aviv,2003,Israel,2.45,,,,,
783,1097,Novodevichy Convent,2004,Russia,2.89,,,,,
784,1099,Mapungubwe,2003,South Africa,3.28,,,,,
785,1100,Rio de Janeiro,2012,Brazil,3.77,,,,,
29,1101,Champaner-Pavagadh,2004,India,2.97,Gujarat,22.4862254990731,73.5384460743328,,
787,1102,Saryarka,2008,Kazakhstan,2.24,,,,,
788,1103,Mausoleum of Khoja Ahmed Yasawi,2003,Kazakhstan,3.53,,,,,
789,1106,Pasargadae,2004,Iran,2.71,,,,,
790,1107,Incense Route of the Negev,2005,Israel,3.14,,,,,
791,1108,Biblical Tells,2005,Israel,3.19,,,,,
792,1110,Macao,2005,China,3.19,,,,,
793,1111,Hani Rice Terraces,2013,China,3.91,,,,,
794,1112,Kaiping Diaolou,2007,China,3.37,,,,,
795,1113,Fujian Tulou,2008,China,3.84,,,,,
796,1114,Yin Xu,2006,China,3.42,,,,,
797,1115,Lagoons of New Caledonia,2008,France,3.88,,,,,
798,1116,Quebrada de Humahuaca,2003,Argentina,3.42,,,,,
799,1117,Pico Island,2004,Portugal,3.59,,,,,
800,1118,Osun-Osogbo,2005,Nigeria,2.62,,,,,
801,1121,Coffee Cultural Landscape,2011,Colombia,3.1,,,,,
802,1127,Muskauer Park,2004,Germany,2.65,,,,,
803,1130,Ashur,2003,Iraq,2.93,,,,,
804,1131,Royal Exhibition Building,2004,Australia,2.24,,,,,
805,1133,Primeval Beech Forests,2007,Slovakia,2.69,,,,,
806,1134,Grimeton Radio Station,2004,Sweden,2.63,,,,,
807,1135,Koguryo Kingdom,2004,China,3.11,,,,,
808,1136,Luis Barragán House and Studio,2004,Mexico,2.93,,,,,
809,1137,Kernavė,2004,Lithuania,2.32,,,,,
810,1138,Coiba National Park,2005,Panama,3.26,,,,,
811,1139,Tomb of Askia,2004,Mali,2.52,,,,,
812,1140,Koutammakou,2004,Togo,3.13,,,,,
813,1141,Sarazm,2010,Tajikistan,2.06,,,,,
814,1142,Kii Mountain Range,2004,Japan,3.72,,,,,
815,1143,Vegaøyan,2004,Norway,2.69,,,,,
816,1145,Tanbaly,2004,Kazakhstan,3.41,,,,,
817,1147,Lopé-Okanda,2007,Gabon,2.22,,,,,
818,1149,Ilulissat Icefjord,2004,Denmark,4.52,,,,,
819,1152,Thingvellir,2004,Iceland,3.52,,,,,
820,1153,Causses and Cévennes,2011,France,3.28,,,,,
821,1155,Regensburg,2006,Germany,3,,,,,
822,1158,Etruscan Necropolises,2004,Italy,3.65,,,,,
823,1160,Madriu-Perafita-Claror Valley,2004,Andorra,2.73,,,,,
824,1161,Pitons Management Area,2004,Saint Lucia,3.06,,,,,
825,1162,Vredefort Dome,2005,South Africa,2.23,,,,,
826,1165,Centennial Hall,2006,Poland,2.44,,,,,
827,1167,Tropical Rainforest Sumatra,2004,Indonesia,3.91,,,,,
828,1170,Yaroslavl,2005,Russia,2.88,,,,,
829,1174,Chiribiquete National Park,2018,Colombia,3.05,,,,,
830,1178,Humberstone and Santa Laura Saltpeter Works,2005,Chile,3.46,,,,,
831,1179,Swiss Tectonic Arena Sardona,2008,Switzerland,3,,,,,
832,1181,Le Havre,2005,France,2.75,,,,,
833,1182,Gulf of California,2005,Mexico,3.74,,,,,
834,1183,Kondoa,2006,Tanzania,2.72,,,,,
835,1185,Plantin-Moretus Museum,2005,Belgium,3.36,,,,,
836,1186,Wadi Al-Hitan,2005,Egypt,3.59,,,,,
837,1187,Struve Geodetic Arc,2005,Norway,1.85,,,,,
838,1188,Soltaniyeh,2005,Iran,3.01,,,,,
839,1189,Harar Jugol,2006,Ethiopia,3.04,,,,,
840,1192,Qal'at al-Bahrain,2005,Bahrain,2.59,,,,,
841,1193,Shiretoko,2005,Japan,3.89,,,,,
842,1194,Bali Subak system,2012,Indonesia,3.24,,,,,
843,1195,West Norwegian Fjords,2005,Norway,4.39,,,,,
844,1196,Nesvizh,2005,Belarus,2.58,,,,,
845,1199,Kunya-Urgench,2005,Turkmenistan,2.82,,,,,
846,1200,Syracuse,2005,Italy,3.65,,,,,
847,1202,Cienfuegos,2005,Cuba,2.91,,,,,
848,1203,Central Highlands,2010,Sri Lanka,3.19,,,,,
849,1207,Aflaj irrigation system,2006,Oman,2.52,,,,,
850,1208,Bam Cultural Landscape,2004,Iran,3.06,,,,,
851,1209,Tequila,2006,Mexico,2.85,,,,,
852,1211,Genoa,2006,Italy,2.98,,,,,
853,1213,Sichuan Giant Panda Sanctuaries,2006,China,3.5,,,,,
854,1214,Sewell Mining Town,2006,Chile,2.98,,,,,
855,1215,Cornwall and West Devon Mining Landscape,2006,United Kingdom,3.16,,,,,
856,1216,Malpelo,2006,Colombia,2.65,,,,,
857,1217,Vizcaya Bridge,2006,Spain,2.95,,,,,
858,1220,Bahá’i Holy Places,2008,Israel,2.72,,,,,
859,1221,Rideau Canal,2007,Canada,2.74,,,,,
860,1222,Bisotun,2006,Iran,2.94,,,,,
861,1223,Melaka and George Town,2008,Malaysia,3.06,,,,,
862,1224,Preah Vihear Temple,2008,Cambodia,3.72,,,,,
863,1225,Ruins of Loropéni,2009,Burkina Faso,1.76,,,,,
864,1226,Stone Circles of Senegambia,2006,Gambia,2.77,,,,,
865,1227,Aapravasi Ghat,2006,Mauritius,1.85,,,,,
866,1229,Crac des Chevaliers,2006,Syria,4,,,,,
867,1230,Sulaiman-Too,2009,Kyrgyzstan,2.32,,,,,
868,1231,Mijikenda Kaya Forests,2008,Kenya,2.56,,,,,
869,1234,Putorana Plateau,2010,Russia,3.93,,,,,
870,1236,León Cathedral,2011,Nicaragua,2.8,,,,,
871,1237,Dolomites,2009,Italy,4.26,,,,,
872,1239,Berlin Modernism Housing Estates,2008,Germany,2.06,,,,,
873,1240,Stari Grad Plain,2008,Croatia,2.24,,,,,
874,1242,Nisa,2007,Turkmenistan,2.19,,,,,
875,1243,"Lavaux, Vineyard Terraces",2007,Switzerland,3.01,,,,,
876,1245,San Marino and Mount Titano,2008,San Marino,3.43,,,,,
877,1246,Iwami Ginzan Silver Mine,2007,Japan,2.64,,,,,
878,1248,South China Karst,2007,China,4.02,,,,,
879,1250,Central University City Campus of the UNAM,2007,Mexico,2.77,,,,,
880,1252,Tajik National Park,2013,Tajikistan,3.88,,,,,
881,1253,Gamzigrad-Romuliana,2007,Serbia,2.79,,,,,
882,1255,Twyfelfontein,2007,Namibia,3.55,,,,,
883,1256,Bordeaux,2007,France,3.36,,,,,
884,1257,Rainforests of the Atsinanana,2007,Madagascar,3.84,,,,,
885,1258,Teide National Park,2007,Spain,3.99,,,,,
886,1259,Le Morne,2008,Mauritius,2.67,,,,,
887,1260,Mehmed Paša Sokolović Bridge,2007,Bosnia Herzegovina,2.29,,,,,
888,1262,Armenian Monastic Ensembles,2008,Iran,3.45,,,,,
889,1263,Socotra Archipelago,2008,Yemen,4.48,,,,,
890,1264,Jeju,2007,Republic of Korea,3.68,,,,,
891,1265,Richtersveld,2007,South Africa,3.03,,,,,
892,1267,Surtsey,2008,Iceland,2.89,,,,,
893,1268,Agadez,2013,Niger,3.37,,,,,
894,1269,Caral-Supe,2009,Peru,3.64,,,,,
895,1270,Camagüey,2008,Cuba,2.44,,,,,
896,1272,São Francisco Square,2010,Brazil,1.96,,,,,
897,1273,Wooden Churches of the Slovak Carpathians,2008,Slovakia,3.01,,,,,
898,1274,San Miguel de Allende,2008,Mexico,3.4,,,,,
899,1276,Rhaetian Railway,2008,Switzerland,3.22,,,,,
900,1277,Hiraizumi,2011,Japan,3.15,,,,,
901,1278,Kaesong,2013,Korea (DPR),2.55,,,,,
902,1279,Mount Wutai,2009,China,3.78,,,,,
903,1280,Chief Roi Mata's Domain,2008,Vanuatu,2.46,,,,,
904,1282,Decorated Farmhouses of Hälsingland,2012,Sweden,2.49,,,,,
905,1283,Fortifications of Vauban,2008,France,2.97,,,,,
906,1285,Joggins Fossil Cliffs,2008,Canada,3.06,,,,,
907,1287,Mantua and Sabbioneta,2008,Italy,3.27,,,,,
908,1290,Monarch Butterfly Biosphere Reserve,2008,Mexico,4.22,,,,,
909,1292,Mount Sanqingshan,2008,China,3.77,,,,,
910,1293,Hegra,2008,Saudi Arabia,4.22,,,,,
911,1295,Fort Jesus,2011,Kenya,2.72,,,,,
912,1298,Stoclet House,2009,Belgium,1.84,,,,,
913,1299,Lena Pillars,2012,Russia,3.93,,,,,
914,1302,La Chaux-de-Fonds / Le Locle,2009,Switzerland,1.95,,,,,
915,1303,Pontcysyllte Aqueduct and Canal,2009,United Kingdom,3.04,,,,,
916,1305,Dengfeng,2010,China,3.54,,,,,
917,1306,Australian Convict Sites,2010,Australia,2.68,,,,,
918,1308,Paraty and Ilha Grande,2019,Brazil,3.54,,,,,
919,1310,Cidade Velha,2009,Cabo Verde,2.07,,,,,
920,1312,Tower of Hercules,2009,Spain,2.78,,,,,
921,1313,Heritage of Mercury,2012,Spain,2.72,,,,,
922,1314,Wadden Sea,2009,Netherlands,3.08,,,,,
923,1315,Shushtar,2009,Iran,3.5,,,,,
924,1317,Pitons of Reunion,2010,France,3.81,,,,,
925,1318,Longobards in Italy,2011,Italy,2.95,,,,,
926,1319,Royal Joseon Tombs,2009,Republic of Korea,2.72,,,,,
927,1321,The Architectural Work of Le Corbusier,2016,France,2.74,,,,,
928,1322,Grand-Bassam,2012,Côte d'Ivoire,2.64,,,,,
929,1324,Hahoe and Yangdong,2010,Republic of Korea,2.92,,,,,
930,1325,Phoenix Islands,2010,Kiribati,1.97,,,,,
931,1326,Papahanaumokuakea,2010,United States of America,3.54,,,,,
932,1328,Thang Long,2010,Viet Nam,1.99,,,,,
933,1329,Turaif Quarter,2010,Saudi Arabia,2.42,,,,,
934,1330,Residence of Bukovinian & Dalmatian Metropolitans,2011,Ukraine,2.81,,,,,
935,1333,Konso,2011,Ethiopia,3.13,,,,,
936,1334,West Lake,2011,China,3.4,,,,,
937,1335,China Danxia,2010,China,3.32,,,,,
938,1336,Meroe,2011,Sudan,4.48,,,,,
939,1337,Albi,2010,France,3.42,,,,,
30,1338,Jantar Mantar,2010,India,3.21,Rajasthan,26.9256416811582,75.827049036223,,
941,1339,Bikini Atoll,2010,Marshall Islands,0,,,,,
31,1342,Western Ghats,2012,India,3.22,"Gujarat, Maharashtra, Goa, Karnataka, Kerala, and Tamil Nadu",10.1683538841202,77.0651211220432,,
943,1343,Al Ain,2011,United Arab Emirates,2.7,,,,,
944,1344,Mining Sites of Wallonia,2012,Belgium,2.23,,,,,
945,1345,Safi al-Din Ensemble in Ardabil,2010,Iran,3.45,,,,,
946,1346,Tabriz Bazaar,2010,Iran,2.71,,,,,
947,1348,Ancient villages of Northern Syria,2011,Syria,3.44,,,,,
948,1349,Amsterdam Canal Ring,2010,Netherlands,3.86,,,,,
949,1351,Camino Real,2010,Mexico,2.69,,,,,
950,1352,Caves of Yagul and Mitla,2010,Mexico,2.82,,,,,
951,1356,Blue and John Crow Mountains,2015,Jamaica,2.71,,,,,
952,1358,Citadel of the Ho Dynasty,2011,Viet Nam,2.62,,,,,
953,1359,Saloum Delta,2011,Senegal,3.13,,,,,
954,1360,Nord-Pas de Calais Mining Basin,2012,France,2.09,,,,,
955,1361,Historic Jeddah,2014,Saudi Arabia,2.73,,,,,
956,1362,Ogasawara Islands,2011,Japan,3.65,,,,,
957,1363,Prehistoric Pile Dwellings,2011,Switzerland,2.05,,,,,
958,1364,Pearling,2012,Bahrain,2.21,,,,,
959,1366,Selimiye Mosque,2011,Turkiye,3.64,,,,,
960,1367,Elvas,2012,Portugal,3.24,,,,,
961,1368,Fagus Factory,2011,Germany,2.56,,,,,
962,1369,Ningaloo Coast,2011,Australia,3.76,,,,,
963,1370,Caves of Maresha and Bet Guvrin,2014,Israel,3.55,,,,,
964,1371,Serra de Tramuntana,2011,Spain,2.82,,,,,
965,1372,Persian Garden,2011,Iran,3.31,,,,,
32,1375,Santiniketan,2023,India,1.7,West Bengal,23.6781340090608,87.6857952453205,,
967,1376,Bridgetown,2011,Barbados,2.48,,,,,
968,1377,Wadi Rum,2011,Jordan,4.18,,,,,
969,1379,Margravial Opera House,2012,Germany,3.19,,,,,
970,1380,Sangha Trinational,2012,Cameroon,3.46,,,,,
971,1382,Petroglyphs of the Mongolian Altai,2011,Mongolia,2.37,,,,,
972,1386,Rock Islands,2012,Palau,4.39,,,,,
973,1387,University of Coimbra,2013,Portugal,3.29,,,,,
974,1388,Chengjiang Fossil Site,2012,China,1.78,,,,,
975,1389,Site of Xanadu,2012,China,2.26,,,,,
976,1390,Vineyard Landscape of Piedmont,2014,Italy,2.89,,,,,
977,1393,Mount Carmel Caves,2012,Israel,2.34,,,,,
978,1396,Lenggong Valley,2012,Malaysia,1.82,,,,,
979,1397,Masjed-e Jâme',2012,Iran,3.42,,,,,
980,1398,Gonbad-e Qâbus,2012,Iran,3.1,,,,,
981,1399,Levuka,2013,Fiji,2.79,,,,,
982,1400,Lakes of Ounianga,2012,Chad,4.27,,,,,
983,1401,Rabat,2012,Morocco,3.24,,,,,
984,1402,Al Zubarah,2013,Qatar,1.92,,,,,
985,1403,Mount Hamiguitan,2014,Philippines,3.29,,,,,
986,1404,Grand Pré,2012,Canada,2.63,,,,,
987,1405,Çatalhöyük,2012,Turkiye,3.61,,,,,
33,1406,Great Himalayan National Park,2014,India,3.8,Himachal Pradesh,31.7996351993926,77.5183307769877,,
989,1407,Bassari Country,2012,Senegal,3.25,,,,,
990,1410,El Pinacate,2013,Mexico,3.44,,,,,
991,1411,Tauric Chersonese,2013,Ukraine,3.1,,,,,
992,1412,Red Bay Basque Whaling Station,2013,Canada,2.84,,,,,
993,1413,Bergpark Wilhelmshöhe,2013,Germany,2.96,,,,,
994,1414,Xinjiang Tianshan,2013,China,3.59,,,,,
995,1415,Pimachiowin Aki,2018,Canada,3.3,,,,,
996,1416,Stevns Klint,2014,Denmark,2.51,,,,,
997,1418,Fujisan,2013,Japan,3.71,,,,,
998,1422,Golestan Palace,2013,Iran,3.11,,,,,
999,1423,Maymand,2015,Iran,2.69,,,,,
1000,1424,Wooden Tserkvas of the Carpathian Region,2013,Poland,3.34,,,,,
1001,1425,Burgundy,2015,France,3.22,,,,,
1002,1426,Decorated cave of Pont d'Arc,2014,France,3.59,,,,,
1003,1427,Mount Etna,2013,Italy,3.58,,,,,
1004,1430,Namib Sand Sea,2013,Namibia,4.4,,,,,
1005,1432,Okavango Delta,2014,Botswana,4.38,,,,,
1006,1433,Bethlehem,2012,Palestine,3.26,,,,,
1007,1434,Chaîne des Puys,2018,France,2.88,,,,,
1008,1435,Poverty Point,2014,United States of America,2.44,,,,,
1009,1437,Erbil Citadel,2014,Iraq,2.62,,,,,
1010,1438,Trang An,2014,Viet Nam,3.64,,,,,
1011,1439,Namhansanseong,2014,Republic of Korea,2.66,,,,,
1012,1440,Great Burkhan Khaldun Mountain,2015,Mongolia,2.43,,,,,
1013,1441,Van Nellefabriek,2014,Netherlands,2.5,,,,,
1014,1442,Silk Roads Chang'an-Tianshan Corridor,2014,China,3.15,,,,,
1015,1443,Grand Canal,2014,China,3.07,,,,,
1016,1444,Pyu Ancient Cities,2014,Myanmar,2.19,,,,,
1017,1446,"Baptism Site ""Bethany Beyond the Jordan""",2015,Jordan,2.32,,,,,
1018,1447,Corvey,2014,Germany,2.3,,,,,
1019,1448,Landscapes of Dauria,2017,Mongolia,2.35,,,,,
1020,1449,Tomioka Silk Mill,2014,Japan,2.79,,,,,
1021,1450,Thimlich Ohinga,2018,Kenya,1.73,,,,,
1022,1452,Bursa and Cumalikizik,2014,Turkiye,3.33,,,,,
1023,1453,Stone Spheres of the Diquís,2014,Costa Rica,2.62,,,,,
1024,1455,Susa,2015,Iran,2.63,,,,,
1025,1456,Shahr-i Sokhta,2014,Iran,2.82,,,,,
1026,1457,Pergamon,2014,Turkiye,3.73,,,,,
1027,1459,Qhapaq Ñan,2014,Argentina,2.96,,,,,
1028,1461,Kaeng Krachan Forest,2021,Thailand,2.79,,,,,
1029,1463,Aqueduct of Padre Tembleque,2015,Mexico,2.52,,,,,
1030,1464,Fray Bentos,2015,Uruguay,3.02,,,,,
1031,1465,Champagne,2015,France,3.24,,,,,
1032,1466,San Antonio Missions,2015,United States of America,3.07,,,,,
1033,1467,Speicherstadt and Kontorhaus District,2015,Germany,2.99,,,,,
1034,1468,Moravian Church Settlements,2015,Denmark,1.95,,,,,
1035,1469,Par force hunting landscape,2015,Denmark,1.9,,,,,
1036,1470,Naumburg Cathedral,2018,Germany,2.8,,,,,
1037,1471,Necropolis of Bet She'arim,2015,Israel,3.04,,,,,
1038,1472,Rock Art in the Hail Region,2015,Saudi Arabia,3.46,,,,,
1039,1473,Brâncusi Monumental Ensemble of Târgu Jiu,2024,Romania,2.28,,,,,
1040,1474,Tusi Sites,2015,China,2.83,,,,,
1041,1475,Ennedi Massif,2016,Chad,4.62,,,,,
1042,1477,Baekje Historic Areas,2015,Republic of Korea,2.47,,,,,
1043,1478,Mining Cultural Landscape Erzgebirge,2019,Czechia,2.23,,,,,
34,1480,Victorian Gothic and Art Deco Ensembles of Mumbai,2018,India,3.14,Maharashtra,18.9290148605929,72.8311201477692,,
1045,1481,Ahwar of Southern Iraq,2016,Iraq,3.37,,,,,
1046,1483,Singapore Botanic Gardens,2015,Singapore,3.13,,,,,
1047,1484,Sites of Japan's Meiji Industrial Revolution,2015,Japan,2.8,,,,,
1048,1485,Forth Bridge,2015,United Kingdom,2.96,,,,,
1049,1486,Rjukan / Notodden,2015,Norway,2.56,,,,,
1050,1487,Arab-Norman Palermo,2015,Italy,3.87,,,,,
1051,1488,Diyarbakir Fortress and Hevsel Gardens,2015,Turkiye,2.9,,,,,
1052,1490,Western Tien-Shan,2016,Kazakhstan,2.63,,,,,
1053,1492,Battir,2014,Palestine,1.43,,,,,
1054,1493,Pampulha,2016,Brazil,2.57,,,,,
1055,1495,Hidden Christian Sites in the Nagasaki Region,2018,Japan,2.75,,,,,
1056,1496,Frank Lloyd Wright Buildings,2019,United States of America,3.3,,,,,
1057,1497,Mistaken Point,2016,Canada,3.7,,,,,
1058,1498,"Seowon, Neo-Confucian Academies",2019,Republic of Korea,2.64,,,,,
1059,1499,Antigua Naval Dockyard,2016,Antigua and Barbuda,2.78,,,,,
1060,1500,Gorham's Cave Complex,2016,United Kingdom,2.22,,,,,
1061,1501,Antequera Dolmens Site,2016,Spain,2.87,,,,,
35,1502,Nalanda,2016,India,3.11,Bihar,25.1228377455059,85.4622977853405,,
1063,1503,Nan Madol,2016,Micronesia,3.67,,,,,
1064,1504,Stećci,2016,Bosnia Herzegovina,2.45,,,,,
1065,1505,Lut Desert,2016,Iran,3.76,,,,,
1066,1506,The Persian Qanat,2016,Iran,2.86,,,,,
1067,1507,Phu Phrabat,2024,Thailand,2.59,,,,,
1068,1508,Zuojiang Huashan Rock Art,2016,China,2.53,,,,,
1069,1509,Hubei Shennongjia,2016,China,2.84,,,,,
1070,1510,Archipiélago de Revillagigedo,2016,Mexico,4.26,,,,,
1071,1511,Mbanza Kongo,2017,Angola,3.95,,,,,
36,1513,Khangchendzonga National Park,2016,India,3.64,Sikkim,27.6933161310045,88.3560373300933,,
1073,1517,Archaeological site of Philippi,2016,Greece,3.1,,,,,
1074,1518,Ani,2016,Turkiye,3.7,,,,,
1075,1519,Aphrodisias,2017,Turkiye,3.78,,,,,
1076,1523,Churches of the Pskov School of Architecture,2019,Russia,2.99,,,,,
1077,1525,Sviyazhsk,2017,Russia,2.59,,,,,
1078,1526,Los Alerces National Park,2017,Argentina,3.99,,,,,
1079,1527,Caves and Ice Age Art,2017,Germany,2.22,,,,,
1080,1528,Talayotic Menorca,2023,Spain,3.07,,,,,
1081,1529,Taputapuātea,2017,France,2.35,,,,,
1082,1532,Sambor Prei Kuk,2017,Cambodia,3.33,,,,,
1083,1533,Venetian Works of Defence,2017,Montenegro,2.94,,,,,
1084,1534,Tehuacán-Cuicatlán Valley,2018,Mexico,3.27,,,,,
1085,1535,Okinoshima Island,2017,Japan,2.45,,,,,
1086,1536,Kujataa,2017,Denmark,2.42,,,,,
1087,1537,Qalhat,2018,Oman,1.84,,,,,
1088,1538,Ivrea,2018,Italy,1.99,,,,,
1089,1539,Tarnowskie Góry Lead-Silver-Zinc Mine,2017,Poland,2.24,,,,,
1090,1540,Qinghai Hoh Xil,2017,China,2.94,,,,,
1091,1541,Kulangsu,2017,China,3.08,,,,,
1092,1542,Dilmun Burial Mounds,2019,Bahrain,2.17,,,,,
1093,1544,Yazd,2017,Iran,3.8,,,,,
1094,1545,ǂKhomani Cultural Landscape,2017,South Africa,2.59,,,,,
1095,1548,Valongo Wharf,2017,Brazil,1.12,,,,,
1096,1549,Sheki,2019,Azerbaijan,2.79,,,,,
1097,1550,Asmara,2017,Eritrea,3.23,,,,,
37,1551,Ahmadabad,2017,India,2.71,Gujarat,23.0365882334847,72.57766614491,,
1099,1552,Roșia Montană,2021,Romania,2.58,,,,,
1100,1553,Hedeby and Danevirke,2018,Germany,2.23,,,,,
1101,1555,Colonies of Benevolence,2021,Belgium,2.18,,,,,
1102,1557,Aasivissuit - Nipisat,2018,Denmark,2.75,,,,,
1103,1558,Žatec – Landscape of Hops,2023,Czechia,2.05,,,,,
1104,1559,Fanjingshan,2018,China,3.6,,,,,
1105,1560,Medina Azahara,2018,Spain,2.87,,,,,
1106,1561,Quanzhou,2021,China,3.67,,,,,
1107,1562,"Sansa, Buddhist Mountain Monasteries",2018,Republic of Korea,3.1,,,,,
1108,1563,Al-Ahsa Oasis,2018,Saudi Arabia,2.38,,,,,
1109,1564,Tr’ondëk-Klondike,2023,Canada,3.22,,,,,
1110,1565,Hebron/Al-Khalil Old Town,2017,Palestine,3.26,,,,,
1111,1567,Funerary and memory sites of the First World War,2023,France,2.96,,,,,
1112,1568,Sassanid Archaeological Landscape,2018,Iran,3.41,,,,,
1113,1569,Maison Carrée of Nîmes,2023,France,2.77,,,,,
38,1570,Rudreshwara (Ramappa) Temple,2021,India,2.94,Telangana,18.2595370550446,79.9433707689244,,
1115,1571,The Prosecco Hills,2019,Italy,2.15,,,,,
1116,1572,Göbekli Tepe,2018,Turkiye,3.99,,,,,
1117,1573,Mafra,2019,Portugal,2.93,,,,,
1118,1574,Amami-Oshima Island,2021,Japan,3.1,,,,,
1119,1575,Barberton Makhonjwa Mountains,2018,South Africa,2.57,,,,,
1120,1577,Budj Bim Cultural Landscape,2019,Australia,2.14,,,,,
1121,1578,Risco Caido,2019,Spain,2.48,,,,,
1122,1580,Water Management System of Augsburg,2019,Germany,2.31,,,,,
1123,1584,Hyrcanian Forests,2019,Azerbaijan,2.28,,,,,
1124,1585,Trans-Iranian Railway,2021,Iran,1.92,,,,,
1125,1586,Memorial Sites of Genocide,2023,Rwanda,2.6,,,,,
1126,1587,Plain of Jars,2019,Laos,3.74,,,,,
1127,1588,Bagan,2019,Myanmar,4.62,,,,,
1128,1589,Kladruby nad Labem,2019,Czechia,2.11,,,,,
1129,1590,Bom Jesus do Monte,2019,Portugal,3.2,,,,,
1130,1591,"Getbol, Korean Tidal Flat",2021,Republic of Korea,2.92,,,,,
1131,1592,Liangzhu Archaeological Site,2019,China,3.2,,,,,
1132,1593,Mozu-Furuichi Kofungun,2019,Japan,2.11,,,,,
1133,1594,Jodrell Bank Observatory,2019,United Kingdom,2.86,,,,,
1134,1597,Writing-on-Stone / Áísínai’pi,2019,Canada,3.07,,,,,
1135,1599,Krzemionki prehistoric flint mines,2019,Poland,2.67,,,,,
1136,1602,Ancient ferrous metallurgy sites,2019,Burkina Faso,2.22,,,,,
1137,1603,French Austral Lands and Seas,2019,France,0,,,,,
1138,1604,Vatnajökull National Park,2019,Iceland,4.27,,,,,
39,1605,"Jaipur City, Rajasthan",2019,India,3.55,Rajasthan,26.9187937728508,75.7939750288181,,
1140,1606,Migratory Bird Sanctuaries China,2019,China,2.74,,,,,
1141,1608,Danube Limes,2021,Austria,2.02,,,,,
1142,1610,Ombilin Coal Mining Heritage of Sawahlunto,2019,Indonesia,3.24,,,,,
1143,1611,Lençóis Maranhenses National Park,2024,Brazil,3.8,,,,,
1144,1612,Church of Atlántida,2021,Uruguay,2.71,,,,,
1145,1613,Great Spa Towns of Europe,2021,Austria,3.29,,,,,
1146,1614,Mathildenhöhe Darmstadt,2021,Germany,2.59,,,,,
1147,1616,Colchic Rainforests and Wetlands,2021,Georgia,2.62,,,,,
1148,1618,Paseo del Prado and Buen Retiro,2021,Spain,2.87,,,,,
1149,1619,Himā Cultural area,2021,Saudi Arabia,2.6,,,,,
1150,1620,Sítio Roberto Burle Marx,2021,Brazil,2.73,,,,,
1151,1621,Deer Stone Monuments,2023,Mongolia,3.1,,,,,
1152,1622,Arslantepe Mound,2021,Turkiye,2.64,,,,,
1153,1623,Padua’s fourteenth-century fresco cycles,2021,Italy,3.99,,,,,
1154,1624,Chankillo Archaeoastronomical Complex,2021,Peru,2.97,,,,,
1155,1625,Cordouan Lighthouse,2021,France,3.32,,,,,
1156,1631,Lower German Limes,2021,Germany,1.72,,,,,
1157,1632,Jomon Prehistoric Sites,2021,Japan,2.85,,,,,
1158,1633,The Slate Landscape of Northwest Wales,2021,United Kingdom,2.87,,,,,
1159,1634,Chinchorro Culture,2021,Chile,2.77,,,,,
1160,1635,Nice,2021,France,2.75,,,,,
1161,1636,ShUM Sites,2021,Germany,2.37,,,,,
1162,1638,Badain Jaran Desert,2024,China,3.05,,,,,
1163,1640,Djerba,2023,Tunisia,1.68,,,,,
1164,1641,Gedeo Cultural landscape,2023,Ethiopia,2.63,,,,,
1165,1643,Plečnik's Ljubljana,2021,Slovenia,2.96,,,,,
40,1645,Dholavira: A Harappan City,2021,India,3.3,Gujarat,23.8863042694711,70.2136535334323,,
1167,1647,Hawraman/Uramanat,2021,Iran,2.36,,,,,
1168,1648,Sudanese style mosques,2021,Côte d'Ivoire,2.68,,,,,
1169,1650,The Porticoes of Bologna,2021,Italy,2.92,,,,,
1170,1653,Ivindo National Park,2021,Gabon,0,,,,,
1171,1654,Petroglyphs of the Lake Onega and the White Sea,2021,Russia,3.52,,,,,
1172,1656,Jewish-Medieval heritage of Erfurt,2023,Germany,1.63,,,,,
1173,1657,Northern Martinique,2023,France,3.38,,,,,
1174,1658,Kuldiga,2023,Latvia,2.53,,,,,
1175,1660,Viking Age Ring Fortresses,2023,Denmark,2.05,,,,,
1176,1661,Modernist Kaunas,2023,Lithuania,2.4,,,,,
1177,1662,Si Thep,2023,Thailand,2.83,,,,,
1178,1663,Tak'alik Ab'aj,2023,Guatemala,2.47,,,,,
1179,1665,Ancient Tea Plantations of Pu'er,2023,China,2.7,,,,,
1180,1666,Gaya Tumuli,2023,Republic of Korea,2.75,,,,,
1181,1667,Koh Ker,2023,Cambodia,3.54,,,,,
1182,1668,Persian Caravanserai,2023,Iran,2.7,,,,,
1183,1669,Gordion,2023,Turkiye,3.06,,,,,
41,1670,Sacred Ensembles of the Hoysala,2023,India,3.55,Karnataka,13.2127545630052,75.9946219781077,,
1185,1671,Yogyakarta,2023,Indonesia,3,,,,,
1186,1673,Vjetrenica Cave,2024,Bosnia Herzegovina,2.71,,,,,
1187,1675,Silk Roads: Zarafshan-Karakum Corridor,2023,Turkmenistan,2.62,,,,,
1188,1676,Nelson Mandela Legacy Sites,2024,South Africa,1.8,,,,,
1189,1678,Astronomical Observatories of Kazan Federal University,2023,Russia,0.72,,,,,
1190,1680,Jodensavanne,2023,Suriname,1.42,,,,,
1191,1681,ESMA Site Museum,2023,Argentina,1.98,,,,,
1192,1683,Eisinga Planetarium,2023,Netherlands,3.53,,,,,
1193,1685,Tugay forests,2023,Tajikistan,0.43,,,,,
1194,1686,Anticosti,2023,Canada,2.17,,,,,
1195,1687,Ancient Jericho,2023,Palestine,2.82,,,,,
1196,1688,Cultural Landscape of Kenozero Lake,2024,Russia,3.5,,,,,
1197,1689,Hopewell,2023,United States of America,2.3,,,,,
1198,1692,Evaporitic Karst and Caves,2023,Italy,2.18,,,,,
1199,1693,Cold winter deserts of Turan,2023,Turkmenistan,2.66,,,,,
1200,1694,Wooden Hypostyle Mosques of Medieval Anatolia,2023,Turkiye,2.69,,,,,
1201,1695,Zagori Cultural Landscape,2023,Greece,3.34,,,,,
1202,1696,Khinalig,2023,Azerbaijan,2.77,,,,,
1203,1697,Nyungwe National Park,2023,Rwanda,3.14,,,,,
1204,1698,Sado Island Gold Mines,2024,Japan,1.97,,,,,
1205,1699,'Uruq Bani Ma'arid,2023,Saudi Arabia,2.24,,,,,
1206,1700,Ancient Kingdom of Saba,2023,Yemen,3.11,,,,,
1207,1702,Rachid Karami International Fair-Tripoli,2023,Lebanon,2.13,,,,,
1208,1703,Odesa,2023,Ukraine,3.25,,,,,
1209,1705,Schwerin Residence Ensemble,2024,Germany,2.84,,,,,
1210,1707,Marquesas Islands,2024,France,0,,,,,
1211,1708,Via Appia,2024,Italy,3.3,,,,,
42,1711,Moidams,2024,India,1.75,Assam,26.9415667164151,94.8760609268103,,
1213,1712,Al-Faw,2024,Saudi Arabia,1.47,,,,,
1214,1713,The Royal Court of Tiébélé,2024,Burkina Faso,3.5,,,,,
1215,1714,Beijing Central Axis,2024,China,3.03,,,,,
1216,1716,Hegmataneh,2024,Iran,2.53,,,,,
1217,1718,Dacian Limes,2024,Romania,1.72,,,,,
1218,1720,Gedi,2024,Kenya,2.7,,,,,
1219,1721,Umm Al-Jimāl,2024,Jordan,2.83,,,,,
1220,1722,The Flow Country,2024,United Kingdom,2.14,,,,,
1221,1723,The Pleistocene Occupation Sites of South Africa,2024,South Africa,0.99,,,,,
1222,1749,Tell Umm Amer,2024,Palestine,0,,,,,